date,members
10/01/2022,9
11/01/2022,9
12/01/2022,9
13/01/2022,9
14/01/2022,9
15/01/2022,9
16/01/2022,9
17/01/2022,9
18/01/2022,9
19/01/2022,9
20/01/2022,16
21/01/2022,17
22/01/2022,17
23/01/2022,17
24/01/2022,17
25/01/2022,17
26/01/2022,21
27/01/2022,21
28/01/2022,20
29/01/2022,20
30/01/2022,20
31/01/2022,20
01/02/2022,20
02/02/2022,20
03/02/2022,20
04/02/2022,21
05/02/2022,21
06/02/2022,21
07/02/2022,21
08/02/2022,22
09/02/2022,23
10/02/2022,24
11/02/2022,24
12/02/2022,24
13/02/2022,24
14/02/2022,24
15/02/2022,24
16/02/2022,24
17/02/2022,24
18/02/2022,24
19/02/2022,24
20/02/2022,24
21/02/2022,24
22/02/2022,27
23/02/2022,27
24/02/2022,28
25/02/2022,28
26/02/2022,28
27/02/2022,28
28/02/2022,29
